{
	"Sound_Vehicle_BTCivil_VWBeetle_Start": {
		"category" : "player",
		"sounds" : [ "flansmod:Sound_Vehicle_BTCivil_VWBeetle_Start" ]
	},
	
	"Sound_Vehicle_BTCivil_VWBeetle": {
		"category" : "player",
		"sounds" : [ "flansmod:Sound_Vehicle_BTCivil_VWBeetle" ]
	},
	
	"Sound_Vehicle_BTCivil_Corvair": {
		"category" : "player",
		"sounds" : [ "flansmod:Sound_Vehicle_BTCivil_Corvair" ]
	},
	
	"unuparts_part_unu_engine_h6_cranking": {
		"category" : "player",
		"sounds" : [ "flansmod:unuparts_part_unu_engine_h6_cranking" ]
	},
	
	"unuparts_part_unu_engine_h6_running": {
		"category" : "player",
		"sounds" : [ "flansmod:unuparts_part_unu_engine_h6_running" ]
	},
	
	"unuparts_part_unu_engine_i6h_cranking": {
		"category" : "player",
		"sounds" : [ "flansmod:unuparts_part_unu_engine_i6h_cranking" ]
	},
	
	"unuparts_part_unu_engine_i6h_running": {
		"category" : "player",
		"sounds" : [ "flansmod:unuparts_part_unu_engine_i6h_running" ]
	},
	
	"unuparts_part_unu_engine_i8h_running": {
		"category" : "player",
		"sounds" : [ "flansmod:unuparts_part_unu_engine_i8h_running" ]
	},
	
	"unuparts_part_unu_engine_i10h_cranking": {
		"category" : "player",
		"sounds" : [ "flansmod:unuparts_part_unu_engine_i10h_cranking" ]
	},
	
	"unuparts_part_unu_engine_i10h_running": {
		"category" : "player",
		"sounds" : [ "flansmod:unuparts_part_unu_engine_i10h_running" ]
	},
	
	"unuparts_part_unu_engine_i12h_cranking": {
		"category" : "player",
		"sounds" : [ "flansmod:unuparts_part_unu_engine_i12h_cranking" ]
	},
	
	"unuparts_part_unu_engine_i12h_running": {
		"category" : "player",
		"sounds" : [ "flansmod:unuparts_part_unu_engine_i12h_running" ]
	},
	
	"unuparts_part_unu_engine_v6_cranking": {
		"category" : "player",
		"sounds" : [ "flansmod:unuparts_part_unu_engine_v6_cranking" ]
	},
	
	"unuparts_part_unu_engine_v6_running": {
		"category" : "player",
		"sounds" : [ "flansmod:unuparts_part_unu_engine_v6_running" ]
	},
	
	"unuparts_part_unu_engine_v8_cranking": {
		"category" : "player",
		"sounds" : [ "flansmod:unuparts_part_unu_engine_v8_cranking" ]
	},
	
	"unuparts_part_unu_engine_v8_running": {
		"category" : "player",
		"sounds" : [ "flansmod:unuparts_part_unu_engine_v8_running" ]
	},
	
	"unuparts_part_unu_engine_v8h_cranking": {
		"category" : "player",
		"sounds" : [ "flansmod:unuparts_part_unu_engine_v8h_cranking" ]
	},
	
	"unuparts_part_unu_engine_v8h_running": {
		"category" : "player",
		"sounds" : [ "flansmod:unuparts_part_unu_engine_v8h_running" ]
	},
	
	"unuparts_part_unu_engine_v10h_cranking": {
		"category" : "player",
		"sounds" : [ "flansmod:unuparts_part_unu_engine_v10h_cranking" ]
	},
	
	"unuparts_part_unu_engine_v10h_running": {
		"category" : "player",
		"sounds" : [ "flansmod:unuparts_part_unu_engine_v10h_running" ]
	}
}